{
	"user" : [ 
		{
			"id":"soso1",
			"name":"기은",
			"password":"1234",
			"question":"q1",
			"answer":"미니언즈",
			"url":"main.html"
		},
		{
			"id":"soso2",
			"name":"현정",
			"password":"1111",
			"question":"q1",
			"answer":"미니언즈",
			"url":"main.html"
		},
		{
			"id":"soso3",
			"name":"주경",
			"password":"5678",
			"question":"q1",
			"answer":"미니언즈",
			"url":"main.html"
		},
		{
			"id":"soso4",
			"name":"서희",
			"password":"3456",
			"question":"q1",
			"answer":"미니언즈",
			"url":"main.html"
		}
	] 
}